{
  "project_info": {
    "project_number": "238363267267",
    "project_id": "proyecto1-f0563",
    "storage_bucket": "proyecto1-f0563.appspot.com"
  },
  "client": [
    {
      "client_info": {
        "mobilesdk_app_id": "1:238363267267:android:80d78dc2e6f845af769276",
        "android_client_info": {
          "package_name": "mx.edu.tesoem.proyecto1"
        }
      },
      "oauth_client": [
        {
          "client_id": "238363267267-m1novsd81ucmqt6omajf78gmebmhlj9d.apps.googleusercontent.com",
          "client_type": 1,
          "android_info": {
            "package_name": "mx.edu.tesoem.proyecto1",
            "certificate_hash": "3d3c52740ef86ac482233aa2407f09c66c84d2ec"
          }
        },
        {
          "client_id": "238363267267-hen7va7713dh3em3oh7dpmsr8h094i5n.apps.googleusercontent.com",
          "client_type": 3
        }
      ],
      "api_key": [
        {
          "current_key": "AIzaSyBzZC-8cNyQjUSWKxkA5zPMqWkyIJ9PV-Y"
        }
      ],
      "services": {
        "appinvite_service": {
          "other_platform_oauth_client": [
            {
              "client_id": "238363267267-hen7va7713dh3em3oh7dpmsr8h094i5n.apps.googleusercontent.com",
              "client_type": 3
            }
          ]
        }
      }
    }
  ],
  "configuration_version": "1"
}